{
  "val_cv_pr_auc": 0.297,
  "best_params": {
    "max_depth": 5,
    "learning_rate": 0.01570489513652722,
    "max_iter": 407,
    "l2_regularization": 0.03613262698151069,
    "min_samples_leaf": 47,
    "max_leaf_nodes": 19
  },
  "train": {
    "n": 7568,
    "pos": 103,
    "pr_auc": 0.4975,
    "roc_auc": 0.9892,
    "r_at_20": 0.136,
    "r_at_50": 0.262
  },
  "test_uncalibrated": {
    "n": 7122,
    "pos": 61,
    "pr_auc": 0.0864,
    "roc_auc": 0.8997,
    "r_at_20": 0.049,
    "r_at_50": 0.115
  },
  "test_calibrated": {
    "n": 7122,
    "pos": 61,
    "pr_auc": 0.109,
    "roc_auc": 0.9104,
    "r_at_20": 0.066,
    "r_at_50": 0.082
  },
  "baseline_rain7d_roc_auc_test": 0.7227
}