{
  "val_cv_pr_auc": 0.2823,
  "best_params": {
    "max_depth": 5,
    "learning_rate": 0.011703530551053087,
    "max_iter": 228,
    "l2_regularization": 0.004247049376139427,
    "min_samples_leaf": 21,
    "max_leaf_nodes": 31
  },
  "train": {
    "n": 7568,
    "pos": 103,
    "pr_auc": 0.3371,
    "roc_auc": 0.9603,
    "r_at_20": 0.136,
    "r_at_50": 0.194
  },
  "test_deployed_numpy": {
    "pr_auc": 0.149,
    "roc_auc": 0.8901
  },
  "test_reference_cv3_calibrated": {
    "n": 7122,
    "pos": 61,
    "pr_auc": 0.0911,
    "roc_auc": 0.8789,
    "r_at_20": 0.066,
    "r_at_50": 0.131
  },
  "baseline_rain7d_roc_auc_test": 0.7227
}